symbol,decision,tier,score,pattern,p_0105,p_0106,p_0107,p_0108,p_0109,return_5d_pct
3048,hold,secondary_watchlist,85.0,w_pattern,44.55,43.95,43.3,41.55,41.95,-5.84
6770,hold,secondary_watchlist,84.62,w_pattern,43.45,47.75,49.2,49.65,47.5,9.32
3033,hold,secondary_watchlist,72.25,w_pattern,31.1,31.95,32.75,31.5,31.05,-0.16
3481,hold,secondary_watchlist,72.25,w_pattern,19.9,21.85,22.15,20.75,20.0,0.5
6205,hold,secondary_watchlist,72.25,w_pattern,59.3,59.9,58.9,60.1,60.2,1.52
3450,hold,secondary_watchlist,71.35,w_pattern,267.5,261.5,258.5,259.5,260.5,-2.62
2375,hold,secondary_watchlist,55.25,w_pattern,92.7,94.9,93.3,88.8,90.6,-2.27
2478,hold,secondary_watchlist,55.25,w_pattern,60.5,61.4,63.0,61.4,62.2,2.81
2492,hold,secondary_watchlist,55.25,w_pattern,124.0,129.5,132.0,122.5,124.0,0.0
